{
  "project_info": {
    "project_number": "811760597607",
    "firebase_url": "https://landinfoapp.firebaseio.com",
    "project_id": "landinfoapp",
    "storage_bucket": "landinfoapp.appspot.com"
  },
  "client": [
    {
      "client_info": {
        "mobilesdk_app_id": "1:811760597607:android:1fffa7f06473bad3",
        "android_client_info": {
          "package_name": "com.example.samuel.adminland"
        }
      },
      "oauth_client": [
        {
          "client_id": "811760597607-lp31203dfftjk02dc9mkuiq8dn6otp6c.apps.googleusercontent.com",
          "client_type": 1,
          "android_info": {
            "package_name": "com.example.samuel.adminland",
            "certificate_hash": "a80dbd0dfc6d0e0386f6f58f5ec4c617b516c06a"
          }
        },
        {
          "client_id": "811760597607-q1n8ve3tls3mnss3vos6n3hk8j951mln.apps.googleusercontent.com",
          "client_type": 3
        }
      ],
      "api_key": [
        {
          "current_key": "AIzaSyBlRbAxRXVZ0prWWBU4j81D63aLM4qmrzg"
        }
      ],
      "services": {
        "analytics_service": {
          "status": 1
        },
        "appinvite_service": {
          "status": 2,
          "other_platform_oauth_client": [
            {
              "client_id": "811760597607-q1n8ve3tls3mnss3vos6n3hk8j951mln.apps.googleusercontent.com",
              "client_type": 3
            }
          ]
        },
        "ads_service": {
          "status": 2
        }
      }
    },
    {
      "client_info": {
        "mobilesdk_app_id": "1:811760597607:android:0c60a806479f1e6c",
        "android_client_info": {
          "package_name": "com.example.samuel.landadmin"
        }
      },
      "oauth_client": [
        {
          "client_id": "811760597607-smn0jgopral3i1a9oh5q26h6lj6rh72t.apps.googleusercontent.com",
          "client_type": 1,
          "android_info": {
            "package_name": "com.example.samuel.landadmin",
            "certificate_hash": "a80dbd0dfc6d0e0386f6f58f5ec4c617b516c06a"
          }
        },
        {
          "client_id": "811760597607-q1n8ve3tls3mnss3vos6n3hk8j951mln.apps.googleusercontent.com",
          "client_type": 3
        }
      ],
      "api_key": [
        {
          "current_key": "AIzaSyBlRbAxRXVZ0prWWBU4j81D63aLM4qmrzg"
        }
      ],
      "services": {
        "analytics_service": {
          "status": 1
        },
        "appinvite_service": {
          "status": 2,
          "other_platform_oauth_client": [
            {
              "client_id": "811760597607-q1n8ve3tls3mnss3vos6n3hk8j951mln.apps.googleusercontent.com",
              "client_type": 3
            }
          ]
        },
        "ads_service": {
          "status": 2
        }
      }
    },
    {
      "client_info": {
        "mobilesdk_app_id": "1:811760597607:android:9547c8cd29ab0021",
        "android_client_info": {
          "package_name": "com.example.samuel.landinfo"
        }
      },
      "oauth_client": [
        {
          "client_id": "811760597607-fc4i5hh16heonbbqpupjbjepvi6ahgff.apps.googleusercontent.com",
          "client_type": 1,
          "android_info": {
            "package_name": "com.example.samuel.landinfo",
            "certificate_hash": "a80dbd0dfc6d0e0386f6f58f5ec4c617b516c06a"
          }
        },
        {
          "client_id": "811760597607-q1n8ve3tls3mnss3vos6n3hk8j951mln.apps.googleusercontent.com",
          "client_type": 3
        }
      ],
      "api_key": [
        {
          "current_key": "AIzaSyBlRbAxRXVZ0prWWBU4j81D63aLM4qmrzg"
        }
      ],
      "services": {
        "analytics_service": {
          "status": 1
        },
        "appinvite_service": {
          "status": 2,
          "other_platform_oauth_client": [
            {
              "client_id": "811760597607-q1n8ve3tls3mnss3vos6n3hk8j951mln.apps.googleusercontent.com",
              "client_type": 3
            }
          ]
        },
        "ads_service": {
          "status": 2
        }
      }
    },
    {
      "client_info": {
        "mobilesdk_app_id": "1:811760597607:android:8b075d5d6c93a862",
        "android_client_info": {
          "package_name": "com.example.samuel.landinfoapp"
        }
      },
      "oauth_client": [
        {
          "client_id": "811760597607-eijlt63m8t0np8demiivjd3qbjl942dj.apps.googleusercontent.com",
          "client_type": 1,
          "android_info": {
            "package_name": "com.example.samuel.landinfoapp",
            "certificate_hash": "ebad5ceebbd61c23e8209d948e930b8ba776e113"
          }
        },
        {
          "client_id": "811760597607-a63qjc6vfth7jnthi3sv5s852g6hqvd8.apps.googleusercontent.com",
          "client_type": 1,
          "android_info": {
            "package_name": "com.example.samuel.landinfoapp",
            "certificate_hash": "a80dbd0dfc6d0e0386f6f58f5ec4c617b516c06a"
          }
        },
        {
          "client_id": "811760597607-q1n8ve3tls3mnss3vos6n3hk8j951mln.apps.googleusercontent.com",
          "client_type": 3
        }
      ],
      "api_key": [
        {
          "current_key": "AIzaSyBlRbAxRXVZ0prWWBU4j81D63aLM4qmrzg"
        }
      ],
      "services": {
        "analytics_service": {
          "status": 1
        },
        "appinvite_service": {
          "status": 2,
          "other_platform_oauth_client": [
            {
              "client_id": "811760597607-q1n8ve3tls3mnss3vos6n3hk8j951mln.apps.googleusercontent.com",
              "client_type": 3
            }
          ]
        },
        "ads_service": {
          "status": 2
        }
      }
    }
  ],
  "configuration_version": "1"
}